2017-18 Enrollment By Grade (District) ,,,,,,,,,,,,,,,,,
District Name,District Code,PK,K,G1,G2,G3,G4,G5,G6,G7,G8,G9,G10,G11,G12,SP,Total
Abby Kelley Foster Charter Public (District),4450000,0,117,116,113,117,122,118,115,123,120,101,88,84,91,0,"1,425"
Abington,10000,84,137,155,132,168,151,154,188,178,167,153,130,111,123,3,"2,034"
Academy Of the Pacific Rim Charter Public (District),4120000,0,0,0,0,0,0,80,76,76,81,69,56,48,38,0,524
Acton-Boxborough,6000000,111,352,343,365,388,415,420,420,486,478,427,447,501,452,0,"5,605"
Acushnet,30000,51,108,81,99,105,106,103,114,119,77,0,0,0,0,0,963
Adams-Cheshire,6030000,53,85,79,80,106,111,106,92,92,115,52,64,95,85,6,"1,221"
Advanced Math and Science Academy Charter (District),4300000,0,0,0,0,0,0,0,144,158,159,158,149,121,104,0,993
Agawam,50000,163,233,304,258,272,314,271,300,311,263,318,279,291,277,10,"3,864"
Alma del Mar Charter School (District),4090000,0,50,49,46,47,46,46,46,44,39,0,0,0,0,0,413
Amesbury,70000,53,145,137,165,177,161,167,167,167,176,165,158,147,160,2,"2,147"
Amherst,80000,65,121,138,155,152,159,182,174,0,0,0,0,0,0,0,"1,146"
Amherst-Pelham,6050000,0,0,0,0,0,0,0,0,194,216,241,233,221,228,10,"1,343"
Andover,90000,85,363,398,432,426,462,484,504,508,480,472,427,454,411,18,"5,924"
Argosy Collegiate Charter School (District),35090000,0,0,0,0,0,0,0,103,103,102,90,0,0,0,0,398
Arlington,100000,85,522,555,486,507,499,474,442,415,401,350,321,339,315,0,"5,711"
Ashburnham-Westminster,6100000,65,151,154,170,173,195,184,190,199,184,177,181,161,183,17,"2,384"
Ashland,140000,127,202,221,189,220,211,216,207,186,208,206,207,177,179,0,"2,756"
Assabet Valley Regional Vocational Technical,8010000,0,0,0,0,0,0,0,0,0,0,300,284,275,254,0,"1,113"
Athol-Royalston,6150000,93,124,120,121,115,121,122,107,100,109,95,93,72,102,6,"1,500"
Atlantis Charter (District),4910000,0,107,106,106,106,106,110,110,109,109,75,59,66,43,0,"1,212"
Attleboro,160000,184,425,425,453,418,457,468,466,412,476,457,447,422,427,11,"5,948"
Auburn,170000,109,167,206,186,200,197,180,198,218,216,181,184,191,174,3,"2,610"
Avon,180000,19,48,55,61,53,56,63,59,65,59,39,53,54,39,3,726
Ayer Shirley School District,6160000,66,142,146,131,148,140,154,127,138,105,106,106,109,88,0,"1,706"
Barnstable,200000,135,314,298,319,353,424,433,378,359,391,369,356,383,345,13,"4,870"
Barnstable Community Horace Mann Charter Public (District),4270000,0,85,78,75,69,0,0,0,0,0,0,0,0,0,0,307
Baystate Academy Charter Public School (District),35020000,0,0,0,0,0,0,0,80,80,80,75,73,57,0,0,445
Bedford,230000,42,197,199,201,211,203,195,181,189,213,180,210,209,217,0,"2,647"
Belchertown,240000,35,158,149,156,162,181,186,187,206,192,183,178,182,163,5,"2,323"
Bellingham,250000,110,156,161,153,187,188,172,189,170,185,162,158,153,139,0,"2,283"
Belmont,260000,65,320,373,348,388,383,371,361,343,346,331,331,302,330,0,"4,592"
Benjamin Banneker Charter Public (District),4200000,22,49,48,46,47,47,57,38,0,0,0,0,0,0,0,354
Benjamin Franklin Classical Charter Public (District),4470000,0,50,50,50,50,51,52,50,45,45,0,0,0,0,0,443
Bentley Academy Charter School (District),35110000,0,59,60,50,53,38,36,0,0,0,0,0,0,0,0,296
Berkley,270000,66,77,89,93,88,116,94,91,97,109,0,0,0,0,0,920
Berkshire Arts and Technology Charter Public (District),4140000,0,0,0,0,0,0,0,60,73,70,48,34,38,31,0,354
Berkshire Hills,6180000,14,84,48,73,61,68,78,75,101,120,128,118,145,126,6,"1,245"
Berlin,280000,15,27,28,31,21,29,32,0,0,0,0,0,0,0,0,183
Berlin-Boylston,6200000,0,0,0,0,0,0,0,95,91,90,84,73,83,78,0,594
Beverly,300000,114,364,318,347,368,387,360,318,329,350,319,312,272,339,3,"4,500"
Billerica,310000,144,353,362,398,378,404,386,387,382,389,272,347,290,281,6,"4,779"
Blackstone Valley Regional Vocational Technical,8050000,0,0,0,0,0,0,0,0,0,0,311,311,305,296,0,"1,223"
Blackstone-Millville,6220000,60,129,121,159,129,133,149,130,141,155,101,106,107,91,2,"1,713"
Blue Hills Regional Vocational Technical,8060000,0,0,0,0,0,0,0,0,0,0,224,201,214,215,0,854
Boston,350000,"3,098","4,001","4,000","3,844","4,246","4,236","3,712","3,100","3,340","3,316","4,189","3,553","4,024","4,006",0,"52,665"
Boston Collegiate Charter (District),4490000,0,0,0,0,0,0,96,99,98,94,87,75,75,76,0,700
Boston Day and Evening Academy Charter (District),4240000,0,0,0,0,0,0,0,0,0,0,107,47,2,248,0,404
Boston Green Academy Horace Mann Charter School (District),4110000,0,0,0,0,0,0,0,45,60,62,88,84,58,74,0,471
Boston Preparatory Charter Public (District),4160000,0,0,0,0,0,0,0,87,52,61,89,61,61,52,0,463
Boston Renaissance Charter Public (District),4810000,118,131,141,141,117,115,97,78,0,0,0,0,0,0,0,938
Bourne,360000,73,119,125,153,157,161,156,173,161,193,129,127,120,100,4,"1,951"
Boxford,380000,46,80,92,113,90,91,101,106,0,0,0,0,0,0,0,719
Boylston,390000,34,39,33,49,40,49,55,0,0,0,0,0,0,0,0,299
Braintree,400000,135,356,430,449,442,472,497,446,472,463,422,426,389,418,11,"5,828"
Brewster,410000,30,54,78,72,82,82,78,0,0,0,0,0,0,0,0,476
Bridge Boston Charter School (District),4170000,36,39,40,40,40,40,38,35,0,0,0,0,0,0,0,308
Bridgewater-Raynham,6250000,127,384,403,372,380,423,470,380,432,444,353,356,408,347,10,"5,289"
Brimfield,430000,35,32,35,27,42,38,33,44,0,0,0,0,0,0,0,286
Bristol County Agricultural,9100000,0,0,0,0,0,0,0,0,0,0,120,113,116,107,0,456
Bristol-Plymouth Regional Vocational Technical,8100000,0,0,0,0,0,0,0,0,0,0,360,326,306,286,0,"1,278"
Brockton,440000,237,"1,261","1,342","1,337","1,346","1,368","1,447","1,267","1,263","1,220","1,216","1,093","1,136","1,064",54,"16,651"
Brooke Charter School (District),4280000,0,178,184,180,187,187,186,188,174,138,66,68,0,0,0,"1,736"
Brookfield,450000,33,40,38,42,39,38,40,41,0,0,0,0,0,0,0,311
Brookline,460000,257,609,566,631,691,621,660,585,550,568,531,510,497,506,19,"7,801"
Burlington,480000,94,299,310,297,254,238,266,253,272,276,229,251,251,230,0,"3,520"
Cambridge,490000,569,646,573,540,511,467,485,366,397,395,484,486,507,485,3,"6,914"
Canton,500000,88,221,246,248,238,282,269,235,239,262,252,239,235,255,1,"3,310"
Cape Cod Lighthouse Charter (District),4320000,0,0,0,0,0,0,0,80,81,81,0,0,0,0,0,242
Cape Cod Regional Vocational Technical,8150000,0,0,0,0,0,0,0,0,0,0,144,163,138,142,3,590
Carlisle,510000,8,63,57,60,59,75,65,70,73,76,0,0,0,0,0,606
Carver,520000,57,119,129,122,115,123,119,125,138,113,120,105,86,99,6,"1,576"
Central Berkshire,6350000,49,100,113,94,103,105,123,130,115,136,141,129,147,117,1,"1,603"
Chelmsford,560000,132,368,369,349,379,387,359,400,380,392,372,367,351,389,0,"4,994"
Chelsea,570000,275,513,558,531,610,597,467,462,396,379,398,413,393,333,1,"6,326"
Chesterfield-Goshen,6320000,13,19,22,14,18,14,20,16,0,0,0,0,0,0,0,136
Chicopee,610000,261,552,553,533,538,586,577,517,521,525,631,574,576,572,28,"7,544"
Christa McAuliffe Charter Public (District),4180000,0,0,0,0,0,0,0,139,141,115,0,0,0,0,0,395
City on a Hill Charter Public School Circuit Street (District),4370000,0,0,0,0,0,0,0,0,0,0,123,72,52,36,0,283
City on a Hill Charter Public School Dudley Square (District),35040000,0,0,0,0,0,0,0,0,0,0,88,71,62,51,0,272
City on a Hill Charter Public School New Bedford (District),35070000,0,0,0,0,0,0,0,0,0,0,107,62,42,25,0,236
Clarksburg,630000,0,31,16,21,16,32,20,20,16,21,0,0,0,0,0,193
Clinton,640000,119,146,139,145,149,184,173,133,125,131,119,111,99,109,1,"1,883"
Codman Academy Charter Public (District),4380000,20,19,20,20,20,20,19,20,16,20,41,39,43,28,0,345
Cohasset,650000,24,95,119,108,127,141,122,119,133,125,129,127,119,94,0,"1,582"
Collegiate Charter School of Lowell (District),35030000,0,99,111,108,95,125,93,64,64,0,0,0,0,0,0,759
Community Charter School of Cambridge (District),4360000,0,0,0,0,0,0,0,37,65,62,46,50,54,51,0,365
Community Day Charter Public School - Gateway (District),4260000,40,40,42,41,42,39,40,36,0,0,0,0,0,0,0,320
Community Day Charter Public School - Prospect (District),4400000,44,46,47,50,48,48,42,33,20,22,0,0,0,0,0,400
Community Day Charter Public School - R. Kingman Webster (District),4310000,42,42,43,42,42,39,38,32,0,0,0,0,0,0,0,320
Concord,670000,23,220,205,241,223,233,242,230,249,247,0,0,0,0,0,"2,113"
Concord-Carlisle,6400000,0,0,0,0,0,0,0,0,0,0,295,307,337,334,0,"1,273"
Conservatory Lab Charter (District),4390000,51,49,51,52,48,47,43,41,33,35,0,0,0,0,0,450
Conway,680000,14,13,17,20,16,14,21,23,0,0,0,0,0,0,0,138
Danvers,710000,86,258,262,261,285,276,271,273,281,270,231,234,245,228,3,"3,464"
Dartmouth,720000,78,252,242,243,270,254,297,319,305,342,263,283,266,260,0,"3,674"
Dedham,730000,97,173,201,174,200,221,255,197,198,208,186,198,188,162,0,"2,658"
Deerfield,740000,41,51,47,38,53,57,58,56,0,0,0,0,0,0,0,401
Dennis-Yarmouth,6450000,77,207,229,269,254,272,272,225,217,234,189,190,209,211,0,"3,055"
Dighton-Rehoboth,6500000,83,193,195,204,192,232,229,264,248,234,219,193,205,209,0,"2,900"
Douglas,770000,67,79,78,102,85,81,107,128,100,120,89,100,100,93,0,"1,329"
Dover,780000,23,61,74,78,76,87,93,0,0,0,0,0,0,0,0,492
Dover-Sherborn,6550000,0,0,0,0,0,0,0,168,178,181,180,171,152,162,0,"1,192"
Dracut,790000,56,313,268,289,298,313,301,278,288,311,225,213,209,189,0,"3,551"
Dudley Street Neighborhood Charter School (District),4070000,39,38,43,44,43,42,35,0,0,0,0,0,0,0,0,284
Dudley-Charlton Reg,6580000,102,267,252,277,291,303,287,304,328,346,307,287,278,293,3,"3,925"
Duxbury,820000,64,173,182,206,191,232,253,246,250,247,262,258,256,277,0,"3,097"
East Bridgewater,830000,129,160,150,162,147,170,169,177,193,204,153,174,143,165,0,"2,296"
East Longmeadow,870000,44,187,170,178,182,204,189,212,221,230,181,226,217,210,1,"2,652"
Eastham,850000,10,24,26,26,23,24,39,0,0,0,0,0,0,0,0,172
Easthampton,860000,41,111,125,120,129,99,122,104,105,119,115,121,123,103,4,"1,541"
Easton,880000,85,243,239,246,285,257,294,286,305,293,284,270,301,327,7,"3,722"
Edgartown,890000,3,38,38,34,50,41,34,37,30,36,0,0,0,0,0,341
Edward M. Kennedy Academy for Health Careers (Horace Mann Charter) (District),4520000,0,0,0,0,0,0,0,0,0,0,107,104,89,80,0,380
Erving,910000,29,11,13,20,11,18,20,19,0,0,0,0,0,0,1,142
Essex North Shore Agricultural and Technical School District,8170000,0,0,0,0,0,0,0,0,0,0,364,354,339,325,0,"1,382"
Everett,930000,528,492,523,488,519,514,562,536,444,454,442,531,524,507,4,"7,068"
Excel Academy Charter (District),4100000,0,0,0,0,0,0,169,172,171,172,172,168,103,0,0,"1,127"
Fairhaven,940000,42,130,133,153,166,160,146,158,168,142,201,171,135,145,2,"2,052"
Fall River,950000,211,873,883,881,922,951,906,712,795,730,651,576,526,511,0,"10,128"
Falmouth,960000,96,247,232,254,286,268,277,278,312,287,231,222,195,189,5,"3,379"
Farmington River Reg,6620000,29,16,14,10,11,12,17,12,0,0,0,0,0,0,0,121
Fitchburg,970000,208,418,450,435,464,447,409,428,408,338,310,302,346,371,15,"5,349"
Florida,980000,12,4,7,8,3,10,14,8,3,11,0,0,0,0,0,80
Four Rivers Charter Public (District),4130000,0,0,0,0,0,0,0,0,36,36,38,38,37,37,0,222
Foxborough,990000,80,173,168,156,163,207,208,208,204,223,179,217,208,195,7,"2,596"
Foxborough Regional Charter (District),4460000,0,130,132,134,136,133,135,136,128,125,85,72,66,57,0,"1,469"
Framingham,1000000,273,720,706,762,761,784,758,634,569,595,580,552,557,488,0,"8,739"
Francis W. Parker Charter Essential (District),4780000,0,0,0,0,0,0,0,0,69,73,68,58,61,67,0,396
Franklin,1010000,104,307,336,316,328,359,403,435,446,470,452,437,423,467,8,"5,291"
Franklin County Regional Vocational Technical,8180000,0,0,0,0,0,0,0,0,0,0,126,127,121,113,0,487
Freetown-Lakeville,6650000,48,208,183,217,190,212,228,264,251,237,208,183,196,188,0,"2,813"
Frontier,6700000,0,0,0,0,0,0,0,0,116,105,111,100,101,85,5,623
Gardner,1030000,80,205,183,182,185,185,208,189,146,163,184,162,124,125,5,"2,326"
Gateway,6720000,32,71,55,59,73,57,71,67,67,64,68,58,47,39,3,831
Georgetown,1050000,121,98,92,100,88,119,95,99,112,118,90,103,99,109,0,"1,443"
Gill-Montague,6740000,40,93,65,76,75,81,71,77,94,85,53,57,52,56,1,976
Global Learning Charter Public (District),4960000,0,0,0,0,0,0,89,88,92,88,32,35,47,38,0,509
Gloucester,1070000,107,221,221,235,218,226,208,228,213,229,202,213,168,213,2,"2,904"
Gosnold,1090000,0,0,0,0,0,0,0,0,1,1,0,0,0,0,0,2
Grafton,1100000,103,217,236,228,272,236,265,239,257,267,195,218,225,184,13,"3,155"
Granby,1110000,30,43,45,51,43,44,47,57,58,69,54,54,49,57,0,701
Greater Fall River Regional Vocational Technical,8210000,0,0,0,0,0,0,0,0,0,0,375,361,333,328,1,"1,398"
Greater Lawrence Regional Vocational Technical,8230000,0,0,0,0,0,0,0,0,0,0,419,396,378,316,0,"1,509"
Greater Lowell Regional Vocational Technical,8280000,0,0,0,0,0,0,0,0,0,0,620,564,545,513,28,"2,270"
Greater New Bedford Regional Vocational Technical,8250000,0,0,0,0,0,0,0,0,0,0,557,563,526,507,0,"2,153"
Greenfield,1140000,117,162,150,135,136,158,126,131,122,130,89,73,85,85,0,"1,699"
Groton-Dunstable,6730000,63,149,159,149,181,165,177,205,180,203,186,183,207,209,1,"2,417"
Hadley,1170000,37,24,31,32,29,45,38,51,48,41,38,30,48,36,1,529
Halifax,1180000,0,94,92,76,80,86,92,77,0,0,0,0,0,0,0,597
Hamilton-Wenham,6750000,30,146,127,124,141,134,135,116,134,133,143,136,148,133,0,"1,780"
Hampden Charter School of Science East (District),4990000,0,0,0,0,0,0,0,86,109,85,76,67,37,30,1,491
Hampden-Wilbraham,6800000,73,172,189,177,202,208,217,222,229,262,261,271,300,276,1,"3,060"
Hampshire,6830000,0,0,0,0,0,0,0,0,118,163,106,118,90,102,4,701
Hancock,1210000,11,4,3,4,3,2,5,10,0,0,0,0,0,0,0,42
Hanover,1220000,65,154,198,189,194,178,214,223,178,216,206,183,216,193,3,"2,610"
Harvard,1250000,9,64,63,68,73,84,79,81,75,97,104,91,101,106,0,"1,095"
Hatfield,1270000,31,20,30,25,32,36,41,32,31,48,24,30,27,29,0,436
Haverhill,1280000,221,524,570,557,608,601,615,678,636,608,587,436,427,393,38,"7,499"
Hawlemont,6850000,26,25,26,20,17,10,22,17,0,0,0,0,0,0,0,163
Helen Y. Davis Leadership Academy Charter Public (District),4190000,0,0,0,0,0,0,0,60,73,81,0,0,0,0,0,214
Hill View Montessori Charter Public (District),4550000,0,36,31,37,35,35,33,35,30,31,0,0,0,0,0,303
Hilltown Cooperative Charter Public (District),4500000,0,20,20,21,21,21,21,32,30,32,0,0,0,0,0,218
Hingham,1310000,67,289,296,322,304,368,322,351,358,366,328,314,284,326,4,"4,299"
Holbrook,1330000,50,95,103,102,85,102,89,107,98,113,67,73,58,72,1,"1,215"
Holland,1350000,24,29,32,24,31,24,33,36,0,0,0,0,0,0,0,233
Holliston,1360000,106,200,227,213,221,226,238,225,220,232,202,221,185,186,3,"2,905"
Holyoke,1370000,256,377,432,429,405,407,383,356,346,387,465,359,336,355,0,"5,293"
Holyoke Community Charter (District),4530000,0,78,84,90,87,88,85,75,72,43,0,0,0,0,0,702
Hopedale,1380000,83,73,74,72,72,83,81,90,85,101,77,71,81,90,0,"1,133"
Hopkinton,1390000,59,202,256,238,263,262,278,234,294,277,312,286,265,290,2,"3,518"
Hudson,1410000,26,210,199,210,190,216,230,210,209,209,168,186,188,182,0,"2,633"
Hull,1420000,54,62,58,53,62,67,54,61,65,62,78,70,78,68,0,892
Innovation Academy Charter (District),4350000,0,0,0,0,0,0,100,100,100,100,110,98,100,94,0,802
Ipswich,1440000,40,130,105,126,115,133,130,141,135,164,134,140,121,115,6,"1,735"
King Philip,6900000,0,0,0,0,0,0,0,0,346,394,310,333,321,328,8,"2,040"
Kingston,1450000,0,146,139,166,139,148,152,134,0,0,0,0,0,0,0,"1,024"
KIPP Academy Boston Charter School (District),4630000,0,62,75,74,73,0,62,70,74,68,0,0,0,0,0,558
KIPP Academy Lynn Charter (District),4290000,0,122,122,122,0,0,122,122,122,121,131,127,113,112,0,"1,336"
Lanesborough,1480000,18,25,32,19,25,28,31,32,0,0,0,0,0,0,0,210
Lawrence,1490000,489,980,"1,049","1,093","1,084","1,140","1,062","1,025","1,117","1,117",963,988,820,867,52,"13,846"
Lawrence Family Development Charter (District),4540000,84,85,83,84,83,82,82,52,54,48,0,0,0,0,0,737
Lee,1500000,14,63,44,51,48,36,36,51,59,51,72,55,59,53,0,692
Leicester,1510000,69,107,88,99,102,118,113,132,116,164,114,125,105,117,0,"1,569"
Lenox,1520000,24,34,54,51,45,53,50,63,70,66,66,63,50,66,0,755
Leominster,1530000,134,404,420,432,476,478,452,485,445,456,466,436,435,486,0,"6,005"
Leverett,1540000,14,12,17,12,22,16,15,17,0,0,0,0,0,0,0,125
Lexington,1550000,71,412,493,526,535,590,594,568,630,615,530,576,554,552,0,"7,246"
Libertas Academy Charter School (District),35140000,0,0,0,0,0,0,0,90,0,0,0,0,0,0,0,90
Lincoln,1570000,99,121,135,125,128,140,106,119,109,107,0,0,0,0,0,"1,189"
Lincoln-Sudbury,6950000,0,0,0,0,0,0,0,0,0,0,409,359,374,382,5,"1,529"
Littleton,1580000,63,145,113,126,133,131,122,133,119,110,116,116,119,112,0,"1,658"
Longmeadow,1590000,53,173,190,184,189,241,217,222,211,239,235,256,245,221,1,"2,877"
Lowell,1600000,556,"1,138","1,194","1,169","1,287","1,241","1,198","1,206","1,034","1,110",856,811,816,788,32,"14,436"
Lowell Community Charter Public (District),4560000,41,96,94,92,96,89,80,79,82,65,0,0,0,0,0,814
Lowell Middlesex Academy Charter (District),4580000,0,0,0,0,0,0,0,0,0,0,21,28,24,18,0,91
Ludlow,1610000,91,149,161,162,160,203,191,193,209,236,253,214,217,205,5,"2,649"
Lunenburg,1620000,42,109,120,123,117,131,125,151,125,147,124,107,114,97,9,"1,641"
Lynn,1630000,309,"1,166","1,225","1,221","1,259","1,396","1,233","1,152","1,042","1,081","1,209","1,182","1,024","1,003",15,"15,517"
Lynnfield,1640000,38,170,158,184,183,163,169,175,159,174,169,147,170,162,0,"2,221"
Ma Academy for Math and Science,4680000,0,0,0,0,0,0,0,0,0,0,0,0,50,46,0,96
Malden,1650000,314,468,469,491,529,484,539,495,458,470,472,429,455,454,13,"6,540"
Manchester Essex Regional,6980000,11,76,81,73,92,115,123,117,125,130,131,114,100,98,0,"1,386"
Mansfield,1670000,97,223,236,255,243,275,269,302,326,313,348,320,337,302,10,"3,856"
Marblehead,1680000,40,187,249,210,248,189,232,215,236,253,266,255,258,251,7,"3,096"
Marblehead Community Charter Public (District),4640000,0,0,0,0,0,51,50,51,41,36,0,0,0,0,0,229
Marion,1690000,27,56,61,61,54,61,73,61,0,0,0,0,0,0,0,454
Marlborough,1700000,174,391,381,398,406,407,395,290,325,298,254,264,286,298,8,"4,575"
Marshfield,1710000,129,254,298,267,284,282,348,276,345,349,320,344,338,344,0,"4,178"
Martha's Vineyard,7000000,0,0,0,0,0,0,0,0,0,0,171,166,155,142,0,634
Martha's Vineyard Charter (District),4660000,0,15,13,17,15,17,21,20,19,14,5,6,9,13,0,184
Martin Luther King Jr. Charter School of Excellence (District),4920000,0,64,59,60,59,59,60,0,0,0,0,0,0,0,0,361
Masconomet,7050000,0,0,0,0,0,0,0,0,333,322,297,280,274,292,0,"1,798"
Mashpee,1720000,74,122,101,119,116,132,135,102,140,130,129,112,111,99,0,"1,622"
Massachusetts Virtual Academy at Greenfield Commonwealth Virtual District,39010000,0,19,17,30,31,48,39,31,58,63,81,65,57,46,0,585
MATCH Charter Public School (District),4690000,53,94,95,96,96,96,90,96,92,96,91,83,72,75,0,"1,225"
Mattapoisett,1730000,25,58,46,58,52,62,69,74,0,0,0,0,0,0,0,444
Maynard,1740000,51,121,109,107,98,112,110,96,90,114,93,100,103,94,0,"1,398"
Medfield,1750000,69,174,193,195,183,183,182,195,218,209,199,209,191,229,0,"2,629"
Medford,1760000,114,304,314,296,338,337,287,307,327,326,335,321,358,362,3,"4,329"
Medway,1770000,34,147,154,168,161,176,174,164,175,190,155,195,176,202,0,"2,271"
Melrose,1780000,318,321,329,324,285,271,282,265,247,265,239,267,262,231,3,"3,909"
Mendon-Upton,7100000,49,164,142,152,155,188,193,189,196,200,163,154,160,149,8,"2,262"
Methuen,1810000,124,484,500,513,504,558,584,555,586,578,498,493,493,464,1,"6,935"
Middleborough,1820000,59,232,218,206,215,251,263,256,253,274,201,173,165,179,0,"2,945"
Middleton,1840000,79,73,84,71,83,104,87,106,0,0,0,0,0,0,0,687
Milford,1850000,144,305,312,328,324,315,326,326,355,299,291,291,279,282,9,"4,186"
Millbury,1860000,70,127,112,125,146,136,156,144,132,140,119,115,98,111,3,"1,734"
Millis,1870000,58,102,82,79,103,78,93,105,105,104,91,97,96,109,0,"1,302"
Milton,1890000,134,353,372,348,366,356,355,323,305,286,268,241,239,265,0,"4,211"
Minuteman Regional Vocational Technical,8300000,0,0,0,0,0,0,0,0,0,0,145,134,126,133,0,538
Mohawk Trail,7170000,99,77,65,68,67,55,58,49,54,79,61,53,70,64,6,925
Monomoy Regional School District,7120000,66,145,142,143,161,135,190,132,132,142,112,122,117,117,10,"1,866"
Monson,1910000,56,61,71,71,64,70,65,65,50,98,61,60,69,68,0,929
Montachusett Regional Vocational Technical,8320000,0,0,0,0,0,0,0,0,0,0,374,382,337,331,0,"1,424"
Mount Greylock,7150000,0,0,0,0,0,0,0,0,94,90,94,82,92,81,3,536
Mystic Valley Regional Charter (District),4700000,0,156,127,128,127,148,150,149,128,93,91,96,89,89,0,"1,571"
Nahant,1960000,22,13,19,19,20,12,23,19,0,0,0,0,0,0,0,147
Nantucket,1970000,36,118,94,115,124,136,115,114,127,107,120,149,136,126,2,"1,619"
Narragansett,7200000,77,101,108,105,114,123,116,118,104,119,73,90,84,94,4,"1,430"
Nashoba,7250000,126,206,221,238,257,238,272,263,240,294,241,221,246,268,12,"3,343"
Nashoba Valley Regional Vocational Technical,8520000,0,0,0,0,0,0,0,0,0,0,176,176,176,169,1,698
Natick,1980000,130,426,443,429,435,458,423,405,380,378,396,433,374,397,0,"5,507"
Nauset,6600000,0,0,0,0,0,0,0,185,183,184,236,222,235,214,4,"1,463"
Needham,1990000,83,404,411,448,396,481,453,450,408,446,435,414,441,396,0,"5,666"
Neighborhood House Charter (District),4440000,38,38,40,40,44,45,64,63,56,58,47,0,0,0,0,533
New Bedford,2010000,565,"1,064","1,220","1,188","1,218","1,178","1,101","1,058",973,966,562,613,548,372,0,"12,626"
New Heights Charter School of Brockton (District),35130000,0,0,0,0,0,0,0,107,108,108,99,0,0,0,0,422
New Salem-Wendell,7280000,24,17,17,18,15,22,21,18,0,0,0,0,0,0,0,152
Newburyport,2040000,81,118,137,138,141,175,146,198,194,167,208,179,187,192,8,"2,269"
Newton,2070000,197,850,966,960,"1,041","1,020",987,930,948,988,988,"1,010",996,"1,019",28,"12,928"
Norfolk,2080000,62,120,133,147,114,139,115,121,0,0,0,0,0,0,0,951
Norfolk County Agricultural,9150000,0,0,0,0,0,0,0,0,0,0,143,130,144,133,0,550
North Adams,2090000,118,105,117,104,96,117,141,119,100,93,98,78,78,71,4,"1,439"
North Andover,2110000,120,308,348,343,362,365,366,361,354,389,390,328,395,377,0,"4,806"
North Attleborough,2120000,126,269,314,321,286,336,386,369,346,373,253,302,287,314,0,"4,282"
North Brookfield,2150000,27,41,43,34,37,46,47,55,47,50,24,37,37,32,0,557
North Middlesex,7350000,90,210,208,229,236,260,277,263,233,254,217,206,184,189,18,"3,074"
North Reading,2170000,46,179,166,185,174,204,177,165,195,188,195,208,189,217,3,"2,491"
Northampton,2100000,76,188,186,149,192,186,197,176,223,216,222,217,214,216,0,"2,658"
Northampton-Smith Vocational Agricultural,4060000,0,0,0,0,0,0,0,0,0,0,129,127,132,110,0,498
Northboro-Southboro,7300000,0,0,0,0,0,0,0,0,0,0,386,353,365,359,8,"1,471"
Northborough,2130000,0,139,166,197,180,154,186,200,205,221,0,0,0,0,0,"1,648"
Northbridge,2140000,76,156,148,156,169,180,157,180,185,201,149,130,140,148,0,"2,175"
Northeast Metropolitan Regional Vocational Technical,8530000,0,0,0,0,0,0,0,0,0,0,331,320,301,294,0,"1,246"
Northern Berkshire Regional Vocational Technical,8510000,0,0,0,0,0,0,0,0,0,0,129,137,114,108,0,488
Norton,2180000,68,178,168,155,178,195,200,184,192,211,172,178,187,201,6,"2,473"
Norwell,2190000,44,143,144,160,159,160,185,163,177,167,166,189,173,167,0,"2,197"
Norwood,2200000,109,283,290,275,258,239,254,244,258,235,244,242,238,228,6,"3,403"
Oak Bluffs,2210000,18,29,43,50,47,55,57,49,48,30,0,0,0,0,0,426
Old Colony Regional Vocational Technical,8550000,0,0,0,0,0,0,0,0,0,0,137,149,133,119,0,538
Old Rochester,7400000,0,0,0,0,0,0,0,0,218,261,199,181,185,206,6,"1,256"
Old Sturbridge Academy Charter Public School (District),35150000,0,40,40,40,40,0,0,0,0,0,0,0,0,0,0,160
Orange,2230000,61,72,69,77,65,90,85,73,0,0,0,0,0,0,0,592
Orleans,2240000,0,37,36,36,32,47,35,0,0,0,0,0,0,0,0,223
Oxford,2260000,46,105,138,126,131,126,160,146,137,138,103,109,100,111,9,"1,685"
Palmer,2270000,40,104,116,93,100,109,125,107,119,117,84,84,109,93,0,"1,400"
Pathfinder Regional Vocational Technical,8600000,0,0,0,0,0,0,0,0,0,0,166,170,138,139,1,614
Paulo Freire Social Justice Charter School (District),35010000,0,0,0,0,0,0,0,0,0,0,66,71,69,64,0,270
Peabody,2290000,264,450,482,440,449,507,473,457,479,430,357,335,361,419,8,"5,911"
Pelham,2300000,0,16,20,18,16,24,17,16,0,0,0,0,0,0,0,127
Pembroke,2310000,69,182,168,210,208,193,228,218,245,251,210,196,236,268,12,"2,894"
Pentucket,7450000,86,162,161,173,171,154,210,188,207,215,207,194,154,185,2,"2,469"
Petersham,2340000,0,8,21,16,19,17,16,19,0,0,0,0,0,0,0,116
Phoenix Academy Public Charter High School Springfield (District),35080000,0,0,0,0,0,0,0,0,0,0,136,21,15,31,0,203
Phoenix Charter Academy (District),4930000,0,0,0,0,0,0,0,0,0,0,132,24,13,28,0,197
Pioneer Charter School of Science (District),4940000,0,67,68,67,66,64,0,0,69,69,64,51,50,33,0,668
Pioneer Charter School of Science II (PCSS-II) (District),35060000,0,0,0,0,0,0,0,0,77,77,69,59,45,30,0,357
Pioneer Valley,7500000,37,60,54,53,64,42,58,67,74,66,52,47,64,57,0,795
Pioneer Valley Chinese Immersion Charter (District),4970000,0,44,44,44,46,47,43,54,50,46,39,9,16,11,0,493
Pioneer Valley Performing Arts Charter Public (District),4790000,0,0,0,0,0,0,0,0,68,69,64,69,67,64,0,401
Pittsfield,2360000,124,467,403,379,449,393,471,400,381,412,448,383,383,355,16,"5,464"
Plainville,2380000,57,92,90,83,81,101,94,108,0,0,0,0,0,0,0,706
Plymouth,2390000,140,496,533,508,568,557,581,617,559,568,657,593,583,543,0,"7,503"
Plympton,2400000,0,30,29,35,21,32,28,32,0,0,0,0,0,0,0,207
Prospect Hill Academy Charter (District),4870000,0,85,80,85,90,95,97,98,93,93,99,72,75,70,0,"1,132"
Provincetown,2420000,18,7,12,15,12,18,8,10,10,10,0,0,0,0,0,120
Quabbin,7530000,68,154,131,146,171,164,147,179,174,222,201,150,148,171,0,"2,226"
Quaboag Regional,7780000,63,87,83,91,116,100,105,104,126,110,120,70,101,76,0,"1,352"
Quincy,2430000,342,754,738,699,697,722,664,692,672,672,688,669,712,690,1,"9,412"
Ralph C Mahar,7550000,0,0,0,0,0,0,0,0,126,119,155,83,135,142,0,760
Randolph,2440000,70,232,221,216,267,258,249,191,191,220,208,174,155,171,0,"2,823"
Reading,2460000,94,293,273,341,334,299,305,360,353,326,325,306,331,273,0,"4,213"
Revere,2480000,191,577,597,589,548,633,639,577,571,557,637,465,506,458,7,"7,552"
Richmond,2490000,15,18,17,17,19,16,20,24,13,20,0,0,0,0,0,179
Rising Tide Charter Public (District),4830000,0,0,0,0,0,0,92,92,91,90,73,80,70,72,0,660
River Valley Charter (District),4820000,0,32,32,32,34,32,33,32,31,30,0,0,0,0,0,288
Rochester,2500000,26,73,54,75,63,68,73,66,0,0,0,0,0,0,0,498
Rockland,2510000,61,164,177,181,171,206,161,154,157,177,148,170,122,139,5,"2,193"
Rockport,2520000,16,52,59,73,65,60,68,74,76,76,68,74,77,68,0,906
Rowe,2530000,14,8,13,4,10,7,5,10,0,0,0,0,0,0,0,71
Roxbury Preparatory Charter (District),4840000,0,0,0,0,0,0,236,248,244,255,199,162,78,0,0,"1,422"
Sabis International Charter (District),4410000,0,107,114,123,160,129,128,130,128,128,110,98,115,104,0,"1,574"
Salem,2580000,93,287,317,289,309,330,309,255,270,247,257,232,247,247,5,"3,694"
Salem Academy Charter (District),4850000,0,0,0,0,0,0,0,74,73,72,82,74,56,44,0,475
Sandwich,2610000,66,164,188,214,184,212,205,223,234,226,157,170,173,169,0,"2,585"
Saugus,2620000,100,188,197,199,177,209,212,216,205,229,165,158,187,139,7,"2,588"
Savoy,2630000,11,9,7,9,10,9,5,0,0,0,0,0,0,0,0,60
Scituate,2640000,76,211,193,211,217,205,229,234,217,270,251,232,211,227,0,"2,984"
Seekonk,2650000,47,140,147,134,140,127,172,156,170,175,154,149,152,139,0,"2,002"
Seven Hills Charter Public (District),4860000,0,61,75,88,81,81,79,77,60,65,0,0,0,0,0,667
Sharon,2660000,50,214,242,256,265,277,282,285,270,318,276,250,283,270,0,"3,538"
Shawsheen Valley Regional Vocational Technical,8710000,0,0,0,0,0,0,0,0,0,0,340,331,318,337,0,"1,326"
Sherborn,2690000,24,49,65,57,65,80,81,0,0,0,0,0,0,0,0,421
Shrewsbury,2710000,235,354,424,437,476,481,464,503,493,516,451,513,429,438,0,"6,214"
Shutesbury,2720000,16,11,18,10,22,12,15,18,0,0,0,0,0,0,0,122
Silver Hill Horace Mann Charter (District),4770000,0,95,91,97,98,93,86,0,0,0,0,0,0,0,0,560
Silver Lake,7600000,98,0,0,0,0,0,0,0,271,271,286,319,277,325,0,"1,847"
Sizer School: A North Central Charter Essential (District),4740000,0,0,0,0,0,0,0,0,75,75,69,61,52,27,0,359
Somerset,2730000,71,168,192,158,176,218,200,210,198,198,0,0,0,0,0,"1,789"
Somerset Berkley Regional School District,7630000,0,0,0,0,0,0,0,0,0,0,249,274,262,214,2,"1,001"
Somerville,2740000,300,427,386,408,401,345,375,347,292,320,322,333,333,274,5,"4,868"
South Hadley,2780000,63,133,144,138,154,128,156,146,137,133,144,141,123,139,8,"1,887"
South Middlesex Regional Vocational Technical,8290000,0,0,0,0,0,0,0,0,0,0,198,193,177,163,0,731
South Shore Charter Public (District),4880000,0,77,67,61,66,66,79,77,77,78,78,85,64,52,0,927
South Shore Regional Vocational Technical,8730000,0,0,0,0,0,0,0,0,0,0,168,159,170,153,0,650
Southampton,2750000,36,57,75,61,59,71,78,75,0,0,0,0,0,0,0,512
Southborough,2760000,86,130,120,138,128,121,137,159,145,156,0,0,0,0,0,"1,320"
Southbridge,2770000,66,166,161,148,155,161,163,166,167,150,151,128,113,108,0,"2,003"
Southeastern Regional Vocational Technical,8720000,0,0,0,0,0,0,0,0,0,0,376,356,356,339,0,"1,427"
Southern Berkshire,7650000,36,42,53,51,49,45,56,45,62,46,51,55,45,45,0,681
Southern Worcester County Regional Vocational Technical,8760000,0,0,0,0,0,0,0,0,0,0,309,275,286,253,0,"1,123"
Southwick-Tolland-Granville Regional School District,7660000,56,102,91,108,114,109,114,105,116,126,112,118,122,124,2,"1,519"
Spencer-E Brookfield,7670000,65,112,111,94,102,133,116,128,116,96,71,69,92,58,3,"1,366"
Springfield,2810000,"1,392","1,880","1,993","1,956","2,015","2,121","1,932","1,714","1,744","1,719","2,117","1,842","1,572","1,490",117,"25,604"
Springfield Preparatory Charter School (District),35100000,0,53,54,54,54,0,0,0,0,0,0,0,0,0,0,215
Stoneham,2840000,88,173,181,180,172,186,174,170,171,172,180,171,172,152,1,"2,343"
Stoughton,2850000,130,243,254,258,240,268,276,322,261,242,296,278,271,253,1,"3,593"
Sturbridge,2870000,66,109,109,111,112,141,124,128,0,0,0,0,0,0,0,900
Sturgis Charter Public (District),4890000,0,0,0,0,0,0,0,0,0,0,215,218,198,185,0,816
Sudbury,2880000,49,242,258,301,281,293,331,308,303,330,0,0,0,0,0,"2,696"
Sunderland,2890000,25,33,34,38,21,39,20,28,0,0,0,0,0,0,0,238
Sutton,2900000,50,92,89,97,108,101,120,111,131,123,79,104,103,113,0,"1,421"
Swampscott,2910000,56,159,143,158,151,168,166,155,174,202,182,157,178,156,2,"2,207"
Swansea,2920000,59,157,169,131,157,168,177,193,160,168,142,131,134,123,5,"2,074"
Tantasqua,7700000,0,0,0,0,0,0,0,0,293,297,315,306,277,292,8,"1,788"
Taunton,2930000,338,595,607,599,645,644,658,661,616,693,551,510,523,442,14,"8,096"
TEC Connections Academy Commonwealth Virtual School District,39020000,0,37,35,42,40,43,46,90,139,156,296,242,212,160,0,"1,538"
Tewksbury,2950000,202,234,285,236,249,262,247,264,269,312,217,224,240,234,3,"3,478"
Tisbury,2960000,2,24,29,31,29,43,40,37,29,42,0,0,0,0,0,306
Topsfield,2980000,45,82,80,84,90,99,79,76,0,0,0,0,0,0,0,635
Tri-County Regional Vocational Technical,8780000,0,0,0,0,0,0,0,0,0,0,248,271,256,211,0,986
Triton,7730000,142,162,173,170,197,199,200,187,214,202,172,189,183,175,0,"2,565"
Truro,3000000,17,15,12,15,12,13,19,0,0,0,0,0,0,0,0,103
Tyngsborough,3010000,47,76,123,122,108,140,113,120,139,150,106,123,123,124,0,"1,614"
UP Academy Charter School of Boston (District),4800000,0,0,0,0,0,0,0,183,166,153,0,0,0,0,0,502
UP Academy Charter School of Dorchester (District),35050000,59,64,71,74,75,90,90,82,71,63,0,0,0,0,0,739
Up-Island Regional,7740000,6,43,36,45,49,48,38,42,53,44,0,0,0,0,0,404
Upper Cape Cod Regional Vocational Technical,8790000,0,0,0,0,0,0,0,0,0,0,190,186,167,172,0,715
Uxbridge,3040000,86,113,125,127,125,123,135,135,130,138,131,112,125,155,5,"1,765"
Veritas Preparatory Charter School (District),4980000,0,0,0,0,0,0,90,86,82,64,0,0,0,0,0,322
Wachusett,7750000,162,379,498,534,512,556,590,613,590,583,522,521,581,493,13,"7,147"
Wakefield,3050000,126,259,272,255,263,258,262,250,248,284,249,266,232,272,9,"3,505"
Wales,3060000,14,21,16,26,20,25,18,21,0,0,0,0,0,0,0,161
Walpole,3070000,73,260,280,268,275,294,283,328,292,319,276,276,293,279,8,"3,804"
Waltham,3080000,146,487,459,466,424,429,426,398,383,362,400,456,386,377,1,"5,600"
Ware,3090000,64,77,91,86,94,104,116,115,95,93,79,60,78,59,2,"1,213"
Wareham,3100000,82,222,159,196,205,203,173,186,180,187,136,129,105,141,10,"2,314"
Watertown,3140000,151,242,225,193,213,186,197,175,187,165,186,160,161,162,5,"2,608"
Wayland,3150000,0,208,196,189,186,194,236,221,209,207,233,210,200,213,0,"2,702"
Webster,3160000,61,140,156,156,158,156,151,132,152,154,109,105,126,93,6,"1,855"
Wellesley,3170000,100,338,353,353,374,409,382,379,393,356,397,385,384,403,0,"5,006"
Wellfleet,3180000,12,14,18,16,14,9,29,0,0,0,0,0,0,0,0,112
West Boylston,3220000,33,65,61,69,60,66,67,68,76,93,67,58,63,60,1,907
West Bridgewater,3230000,62,79,84,85,78,101,94,93,106,116,101,104,105,94,0,"1,302"
West Springfield,3320000,122,282,326,304,327,308,304,296,317,286,329,303,295,302,13,"4,114"
Westborough,3210000,143,261,304,276,276,299,327,309,282,318,324,261,272,274,0,"3,926"
Westfield,3250000,196,308,371,380,355,417,390,434,397,433,427,472,418,453,28,"5,479"
Westford,3260000,110,277,324,345,362,331,373,383,444,410,447,433,443,388,4,"5,074"
Westhampton,3270000,15,8,15,17,18,16,16,17,0,0,0,0,0,0,0,122
Weston,3300000,45,117,139,141,158,135,190,160,159,165,173,171,199,150,1,"2,103"
Westport,3310000,50,103,104,116,121,109,124,153,115,118,93,59,98,67,0,"1,430"
Westwood,3350000,46,201,189,212,238,219,222,271,261,261,253,236,260,250,3,"3,122"
Weymouth,3360000,193,383,421,435,436,470,439,472,419,458,495,476,456,469,4,"6,026"
Whately,3370000,16,17,20,14,18,17,20,18,0,0,0,0,0,0,0,140
Whitman-Hanson,7800000,112,247,265,268,267,293,314,306,326,336,284,278,293,309,8,"3,906"
Whittier Regional Vocational Technical,8850000,0,0,0,0,0,0,0,0,0,0,288,331,332,303,0,"1,254"
Williamsburg,3400000,13,16,19,22,21,23,19,30,0,0,0,0,0,0,0,163
Williamstown,3410000,32,56,58,72,58,56,52,73,0,0,0,0,0,0,0,457
Wilmington,3420000,85,269,243,270,215,289,261,269,256,311,198,213,214,236,1,"3,330"
Winchendon,3430000,79,110,103,94,85,92,117,88,90,95,91,77,94,71,0,"1,286"
Winchester,3440000,89,304,344,346,358,397,362,375,377,359,366,345,307,333,0,"4,662"
Winthrop,3460000,52,146,151,136,152,160,142,171,154,157,173,149,163,116,0,"2,022"
Woburn,3470000,161,324,351,352,348,356,382,331,306,370,297,314,355,351,0,"4,598"
Worcester,3480000,"1,225","2,110","1,938","1,838","1,927","1,985","1,818","1,847","1,765","1,650","1,841","1,854","1,726","1,722",60,"25,306"
Worthington,3490000,14,13,9,9,7,5,3,2,0,0,0,0,0,0,0,62
Wrentham,3500000,83,130,122,113,132,161,149,156,0,0,0,0,0,0,0,"1,046"
State Totals,0,"30,522","66,014","68,039","68,249","70,066","72,164","72,487","71,262","70,928","71,968","76,551","72,923","71,687","69,978","1,196","954,034"